Workbook

Sheet 자료입력
B3: 공급자 | G3: 공급받는자
B5: 상호 | C5: 예시상사 | G5: 상호 | H5: 상호명
B6: 사업자등록번호 | C6: 000-00-00000 | G6: 사업자등록번호 | H6: 사업자등록번호
B7: 대표자성명 | C7: 홍길동 | G7: 대표자성명 | H7: 대표자성명
B8: 주소 | C8: 서울특별시 ○○구 ○○대로 000, 0층 | G8: 주소 | H8: 사업장주소
B9: 업태 | C9: 서비스 | G9: 업태 | H9: 사업 업태
B10: 종목 | C10: 소프트웨어 개발 및 공급 | G10: 종목 | H10: 사업종목
G11: 비고
B13: 자료입력
B15: 작성일,일시 | C15: 46196
C16: 품목 | D16: 규격 | E16: 수량 | F16: 단가 | G16: 공급가액 | H16: 부가세 | I16: 발행금액
B17: 품목 1 | C17: 예시품목1 | E17: 1 | F17: 25000 | G17: =SUM(E17*F17) -> 25000 | H17: =G17*10% -> 2500 | I17: =SUM(G17:H17) -> 27500
B18: 품목 2 | C18: 예시품목2 | E18: 1 | F18: 100000 | G18: =SUM(E18*F18) -> 100000 | H18: =G18*10% -> 10000 | I18: =SUM(G18:H18) -> 110000
B19: 품목 3 | G19: =SUM(E19*F19) -> 0 | H19: =G19*10% -> 0 | I19: =SUM(G19:H19) -> 0
B20: 품목 4
B21: 합계금액 | G21: =SUM(G17:G20) -> 125000 | H21: =SUM(H17:H20) -> 12500 | I21: =SUM(I17:I20) -> 137500
D24: 사용자가 입력할 부분
H25: ※ 부가세 별도 서식입니다.
D26: 사용자가 입력을 하지않아도 되는부분

Sheet 세금계산서양식
AH1: 2
B3: 거 래 명 세 서 | Q3: ( | R3: 공급받는자 | W3: ) | X3: 책 번 호 | AD3: 권 | AG3: 호
R4: 보 관 용 | X4: 일 련 번 호
B5: 공 급 자 | C5: 등록번호 | F5: =MID('자료입력'!C6,1,1) -> 6 | G5: =MID('자료입력'!C6,2,1) -> 1 | H5: =MID('자료입력'!C6,3,1) -> 7 | I5: - | J5: =MID('자료입력'!C6,5,1) -> 8 | K5: =MID('자료입력'!C6,6,1) -> 1 | L5: - | M5: =MID('자료입력'!C6,8,1) -> 7 | N5: =MID('자료입력'!C6,9,1) -> 6 | O5: =MID('자료입력'!C6,10,1) -> 3 | P5: =MID('자료입력'!C6,11,1) -> 3 | Q5: =MID('자료입력'!C6,12,1) -> 1 | R5: 공급받는자 | S5: 등록번호 | V5: =MID('자료입력'!H6,1,1) -> 사 | W5: =MID('자료입력'!H6,2,1) -> 업 | X5: =MID('자료입력'!H6,3,1) -> 자 | Y5: - | Z5: =MID('자료입력'!H6,5,1) -> 록 | AA5: =MID('자료입력'!H6,6,1) -> 번 | AB5: - | AC5: =MID('자료입력'!H6,8,1) | AD5: =MID('자료입력'!H6,9,1) | AE5: =MID('자료입력'!H6,10,1) | AF5: =MID('자료입력'!H6,11,1) | AG5: =MID('자료입력'!H6,12,1)
C7: 상 호 | F7: ='자료입력'!C5 -> 예시상사 | L7: 성명 | M7: ='자료입력'!C7 -> 홍길동 | Q7: 인 | S7: 상 호 | V7: ='자료입력'!H5 -> 상호명 | AB7: 성명 | AC7: ='자료입력'!H7 -> 대표자성명 | AG7: 인
C8: (법인명) | S8: (법인명)
C9: 사 업 장 | F9: ='자료입력'!C8 -> 서울특별시 ○○구 ○○대로 000, 0층 | S9: 사 업 장 | V9: ='자료입력'!H8 -> 사업장주소
C10: 주 소 | S10: 주 소
C11: 업 태 | F11: ='자료입력'!C9 -> 서비스 | L11: 종목 | M11: ='자료입력'!C10 -> 소프트웨어 개발 및 공급 | S11: 업 태 | V11: ='자료입력'!H9 -> 사업 업태 | AB11: 종목 | AC11: ='자료입력'!H10 -> 사업종목
B13: 작 성 | F13: 공 급 가 액 | S13: 세 액 | AC13: 비 고
B14: 년 | D14: 월 | E14: 일 | F14: 공란수 | H14: 백 | I14: 십 | J14: 억 | K14: 천 | L14: 백 | M14: 십 | N14: 만 | O14: 천 | P14: 백 | Q14: 십 | R14: 일 | S14: 십 | T14: 억 | U14: 천 | V14: 백 | W14: 십 | X14: 만 | Y14: 천 | Z14: 백 | AA14: 십 | AB14: 일 | AC14: ='자료입력'!H11
B15: =YEAR('자료입력'!C15) -> 2026 | D15: =MONTH('자료입력'!C15) -> 6 | E15: =DAY('자료입력'!C15) -> 23 | F15: =COUNTBLANK(H15:R15) -> 5 | K15: =IF(ISERROR(MID('자료입력'!G21,LEN('자료입력'!G21)-10,1)),"",MID('자료입력'!G21,LEN('자료입력'!G21)-10,1)) | L15: =IF(ISERROR(MID('자료입력'!G21,LEN('자료입력'!G21)-9,1)),"",MID('자료입력'!G21,LEN('자료입력'!G21)-9,1)) | M15: =IF(ISERROR(MID('자료입력'!G21,LEN('자료입력'!G21)-7,1)),"",MID('자료입력'!G21,LEN('자료입력'!G21)-7,1)) -> 1 | N15: =IF(ISERROR(MID('자료입력'!G21,LEN('자료입력'!G21)-6,1)),"",MID('자료입력'!G21,LEN('자료입력'!G21)-6,1)) -> 2 | O15: =IF(ISERROR(MID('자료입력'!G21,LEN('자료입력'!G21)-5,1)),"",MID('자료입력'!G21,LEN('자료입력'!G21)-5,1)) -> 5 | P15: =IF(ISERROR(MID('자료입력'!G21,LEN('자료입력'!G21)-3,1)),"",MID('자료입력'!G21,LEN('자료입력'!G21)-3,1)) -> 0 | Q15: =IF(ISERROR(MID('자료입력'!G21,LEN('자료입력'!G21)-2,1)),"",MID('자료입력'!G21,LEN('자료입력'!G21)-2,1)) -> 0 | R15: =IF(ISERROR(MID('자료입력'!G21,LEN('자료입력'!G21)-1,1)),"",MID('자료입력'!G21,LEN('자료입력'!G21)-1,1)) -> 0 | S15: =IF(ISERROR(MID('자료입력'!H21,LEN('자료입력'!H21)-9,1)),"",MID('자료입력'!H21,LEN('자료입력'!H21)-9,1)) | T15: =J15 | U15: =K15 | V15: =K15 | W15: =L15 | X15: =M15 -> 1 | Y15: =N15 -> 2 | Z15: =O15 -> 5 | AA15: =P15 -> 0 | AB15: =Q15 -> 0
B16: 월 | C16: 일 | D16: 품 목 | J16: 규격 | N16: 수량 | P16: 단 가 | U16: 공 급 가 액 | AA16: 세 액 | AF16: 비고
B17: =D15 -> 6 | C17: =E15 -> 23 | D17: ='자료입력'!C17 -> 예시품목1 | J17: ='자료입력'!D17 | N17: ='자료입력'!E17 -> 1 | P17: ='자료입력'!F17 -> 25000 | U17: ='자료입력'!G17 -> 25000 | AA17: ='자료입력'!H17 -> 2500
D18: ='자료입력'!C18 -> 예시품목2 | J18: ='자료입력'!D18 | N18: ='자료입력'!E18 -> 1 | P18: ='자료입력'!F18 -> 100000 | U18: ='자료입력'!G18 -> 100000 | AA18: ='자료입력'!H18 -> 10000
D19: ='자료입력'!C19 | J19: ='자료입력'!D19 | N19: ='자료입력'!E19 | P19: ='자료입력'!F19 | U19: ='자료입력'!G19 -> 0 | AA19: ='자료입력'!H19 -> 0
D20: ='자료입력'!C20 | J20: ='자료입력'!D20 | N20: ='자료입력'!E20 | P20: ='자료입력'!F20 | U20: ='자료입력'!G20 | AA20: ='자료입력'!H20
B21: 합계금액 | G21: ○○은행 | AA21: 이 금액을 | AE21: =IF(AH1=1,"영수","청구") -> 청구 | AG21: 함
B22: ='자료입력'!I21 -> 137500 | G22: 000-00-000000 홍길동(예시상사)
